{
  "version": "2.0",
  "logging": {
    "applicationInsights": {
      "samplingSettings": {
        "isEnabled": true,
        "excludedTypes": "Request"
      }
    },
    "logLevel": {
      "default": "Information",
      "Host.Results": "Error",
      "Function": "Information",
      "Host.Aggregator": "Trace"
    }
  },
  "extensionBundle": {
    "id": "Microsoft.Azure.Functions.ExtensionBundle",
    "version": "[4.*, 5.0.0)"
  },
  "extensions": {
    "http": {
      "routePrefix": "api",
      "maxOutstandingRequests": 200,
      "maxConcurrentRequests": 100,
      "dynamicThrottlesEnabled": true
    }
  },
  "functionTimeout": "00:10:00"
}
